team,as_of,n_rated,ovr_top26,atk_top,def_top,gk_top,age_mean
Albania,2014-09-18,26,66.923,65.944,69.125,72,24.73
Albania,2015-09-21,26,67.808,67.278,69.0,73,25.04
Albania,2016-09-20,26,69.077,68.5,70.375,75,25.23
Albania,2017-09-18,26,69.308,68.0,72.25,78,26.0
Albania,2018-08-21,26,69.538,68.278,72.375,80,25.54
Albania,2019-09-19,26,70.692,69.0,73.889,82,26.81
Albania,2020-09-23,26,69.462,67.474,74.857,83,27.12
Albania,2021-09-23,26,71.0,69.429,72.833,80,26.42
Albania,2022-09-26,26,71.731,70.812,73.2,78,27.31
Algeria,2014-09-18,26,72.192,72.444,71.625,73,25.92
Algeria,2015-09-21,26,73.154,74.125,71.6,68,25.46
Algeria,2016-09-20,26,75.462,75.381,75.8,,27.08
Algeria,2017-09-18,26,75.5,75.789,74.714,,26.81
Algeria,2018-08-21,26,75.615,75.476,76.2,,27.08
Algeria,2019-09-19,26,75.731,75.474,76.429,73,26.81
Algeria,2020-09-23,26,75.615,75.15,77.167,76,27.31
Algeria,2021-09-23,26,75.577,75.474,75.857,78,28.35
Algeria,2022-09-26,26,75.0,75.444,74.0,73,28.08
Angola,2014-09-18,6,64.0,68.333,59.667,,24.5
Angola,2015-09-21,13,64.923,66.875,61.8,,23.92
Angola,2016-09-20,10,70.1,70.333,69.75,,26.1
Angola,2017-09-18,15,68.267,68.778,67.5,53,25.6
Angola,2018-08-21,15,68.0,66.889,69.667,,25.6
Angola,2019-09-19,16,69.375,68.2,71.333,,26.0
Angola,2020-09-23,16,69.312,67.2,72.833,68,25.62
Angola,2021-09-23,17,67.353,66.0,69.286,,24.59
Angola,2022-09-26,20,68.85,68.429,69.833,,26.5
Antigua and Barbuda,2015-09-21,7,58.286,58.6,57.5,,23.57
Antigua and Barbuda,2016-09-20,6,58.667,58.6,59.0,,23.33
Antigua and Barbuda,2017-09-18,5,58.8,57.25,65.0,,22.4
Antigua and Barbuda,2019-09-19,7,59.429,58.0,60.5,,22.86
Argentina,2014-09-18,26,81.385,82.267,80.182,79,28.23
Argentina,2015-09-21,26,82.269,82.875,81.3,,28.85
Argentina,2016-09-20,26,83.462,83.882,82.667,82,28.04
Argentina,2017-09-18,26,83.346,84.188,82.0,83,28.69
Argentina,2018-08-21,26,83.0,83.526,81.571,81,29.35
Argentina,2019-09-19,26,82.923,83.35,81.5,81,29.58
Argentina,2020-09-23,26,83.077,83.941,81.444,82,28.88
Argentina,2021-09-23,26,82.923,83.389,81.875,84,29.23
Argentina,2022-09-26,26,82.269,82.562,81.8,84,28.62
Armenia,2014-09-18,6,73.0,73.6,70.0,70,27.83
Armenia,2015-09-21,10,67.5,68.5,63.5,,25.1
Armenia,2016-09-20,9,69.222,69.75,65.0,,25.22
Armenia,2017-09-18,14,67.0,67.833,62.0,,26.07
Armenia,2018-08-21,8,69.375,70.286,63.0,,27.0
Armenia,2019-09-19,8,69.375,71.0,64.5,,26.62
Armenia,2021-09-23,7,68.714,73.0,63.0,52,28.43
Armenia,2022-09-26,8,70.625,71.429,65.0,,29.25
Australia,2014-09-18,26,70.115,70.077,70.154,76,28.31
Australia,2015-09-21,26,71.385,71.455,71.333,78,27.88
Australia,2016-09-20,26,72.423,72.462,72.385,79,27.81
Australia,2017-09-18,26,72.462,72.615,72.308,77,27.85
Australia,2018-08-21,26,72.731,72.75,72.714,78,28.35
Australia,2019-09-19,26,72.269,71.846,72.692,80,28.23
Australia,2020-09-23,26,71.885,71.769,72.0,80,28.92
Australia,2021-09-23,26,71.615,71.571,71.667,77,29.27
Australia,2022-09-26,26,71.654,71.867,71.364,78,29.5
Austria,2014-09-18,26,73.462,73.062,74.1,72,26.42
Austria,2015-09-21,26,74.731,74.0,75.583,72,27.54
Austria,2016-09-20,26,75.769,75.429,76.167,75,27.58
Austria,2017-09-18,26,76.115,75.75,76.7,75,26.96
Austria,2018-08-21,26,76.962,77.312,76.4,75,26.77
Austria,2019-09-19,26,76.885,76.941,76.778,75,27.27
Austria,2020-09-23,26,76.692,77.071,76.25,75,27.5
Austria,2021-09-23,26,77.231,78.0,76.462,74,27.88
Austria,2022-09-26,26,77.154,77.4,76.818,75,27.46
Azerbaijan,2015-09-21,5,63.8,66.0,60.5,55,24.0
Azerbaijan,2016-09-20,9,64.667,64.333,65.333,68,24.56
Azerbaijan,2017-09-18,7,64.286,64.5,63.0,,25.0
Azerbaijan,2018-08-21,5,63.2,63.25,63.0,,26.0
Azerbaijan,2019-09-19,6,62.833,63.0,62.0,,25.5
Azerbaijan,2020-09-23,6,60.833,61.25,60.0,,25.0
Azerbaijan,2021-09-23,8,62.875,63.6,61.667,,24.75
Azerbaijan,2022-09-26,7,64.429,64.5,64.0,,24.0
Belarus,2014-09-18,16,66.562,68.5,64.625,71,28.62
Belarus,2015-09-21,14,67.786,67.889,67.6,70,28.64
Belarus,2016-09-20,14,68.643,69.25,67.833,69,29.0
Belarus,2017-09-18,9,70.778,69.25,72.0,71,29.56
Belgium,2014-09-18,26,79.077,78.706,79.778,86,24.92
Belgium,2015-09-21,26,80.269,80.056,80.75,86,25.35
Belgium,2016-09-20,26,81.692,81.588,81.889,89,26.54
Belgium,2017-09-18,26,82.462,82.278,82.875,89,27.27
Belgium,2018-08-21,26,82.615,82.222,83.5,90,27.42
Belgium,2019-09-19,26,82.462,82.562,82.3,88,28.15
Belgium,2020-09-23,26,81.769,82.267,81.091,89,28.31
Belgium,2021-09-23,26,81.462,81.75,81.0,89,28.96
Belgium,2022-09-26,26,81.0,81.25,80.6,90,28.88
Benin,2014-09-18,14,64.5,64.2,65.25,56,23.57
Benin,2015-09-21,14,67.0,67.25,66.667,66,25.43
Benin,2016-09-20,15,66.733,66.667,66.833,66,25.27
Benin,2017-09-18,14,68.0,68.0,68.0,68,25.79
Benin,2018-08-21,13,67.692,67.667,67.714,67,25.92
Benin,2019-09-19,15,67.667,67.667,67.667,69,27.27
Benin,2020-09-23,11,68.273,68.0,69.0,70,28.18
Benin,2021-09-23,10,67.6,66.875,70.5,69,26.0
Benin,2022-09-26,15,66.133,66.091,66.25,67,25.13
Bermuda,2016-09-20,5,60.2,60.2,,,21.6
Bolivia,2014-09-18,23,62.478,63.571,60.778,63,26.78
Bolivia,2015-09-21,25,64.6,65.286,63.727,64,27.36
Bolivia,2016-09-20,24,65.708,66.0,65.417,66,27.71
Bolivia,2017-09-18,25,65.64,65.714,65.545,68,26.88
Bolivia,2018-08-21,24,65.542,64.846,66.364,69,27.83
Bolivia,2019-09-19,23,66.043,67.083,64.909,69,25.87
Bolivia,2020-09-23,26,67.423,67.154,67.692,69,29.19
Bolivia,2021-09-23,26,67.731,67.833,67.643,70,28.85
Bolivia,2022-09-26,26,67.808,67.733,67.909,73,30.38
Bosnia and Herzegovina,2014-09-18,26,72.731,72.706,72.778,82,26.23
Bosnia and Herzegovina,2015-09-21,26,72.654,72.429,72.917,82,26.58
Bosnia and Herzegovina,2016-09-20,26,74.269,74.692,73.846,83,26.54
Bosnia and Herzegovina,2017-09-18,26,75.346,75.647,74.778,82,27.35
Bosnia and Herzegovina,2018-08-21,26,75.038,75.222,74.625,79,28.04
Bosnia and Herzegovina,2019-09-19,26,74.885,75.5,73.5,75,28.23
Bosnia and Herzegovina,2020-09-23,26,73.346,73.611,72.75,75,28.81
Bosnia and Herzegovina,2021-09-23,26,73.577,74.0,72.778,76,28.77
Bosnia and Herzegovina,2022-09-26,26,73.462,74.2,72.455,75,29.27
Brazil,2014-09-18,26,82.154,82.0,82.333,82,27.73
Brazil,2015-09-21,26,82.962,82.917,83.0,83,28.58
Brazil,2016-09-20,26,83.885,83.429,84.417,83,28.31
Brazil,2017-09-18,26,84.038,83.533,84.727,83,28.0
Brazil,2018-08-21,26,85.385,85.615,85.154,86,28.58
Brazil,2019-09-19,26,85.231,85.133,85.364,89,28.12
Brazil,2020-09-23,26,84.769,84.562,85.1,90,28.77
Brazil,2021-09-23,26,84.154,84.214,84.083,89,29.46
Brazil,2022-09-26,26,84.038,83.929,84.167,89,28.27
Bulgaria,2014-09-18,26,69.115,69.368,68.429,72,27.54
Bulgaria,2015-09-21,26,69.692,70.6,68.455,72,27.85
Bulgaria,2016-09-20,26,69.808,70.143,69.417,74,28.35
Bulgaria,2017-09-18,26,69.346,69.294,69.444,74,28.31
Bulgaria,2018-08-21,26,67.269,68.214,66.167,74,27.88
Bulgaria,2019-09-19,26,66.038,66.133,65.909,68,28.12
Bulgaria,2020-09-23,26,66.077,66.071,66.083,66,27.69
Bulgaria,2021-09-23,24,63.125,61.538,65.0,66,24.38
Bulgaria,2022-09-26,23,65.261,64.917,65.636,65,26.48
Burkina Faso,2014-09-18,18,66.611,66.643,66.5,,23.5
Burkina Faso,2015-09-21,18,67.611,67.214,69.0,,24.17
Burkina Faso,2016-09-20,14,68.143,67.273,71.333,,25.14
Burkina Faso,2017-09-18,15,67.867,68.7,66.2,66,24.8
Burkina Faso,2018-08-21,16,68.5,68.545,68.4,66,25.12
Burkina Faso,2019-09-19,16,66.438,65.818,67.8,69,23.19
Burkina Faso,2020-09-23,19,66.526,65.0,69.143,75,23.74
Burkina Faso,2021-09-23,16,66.75,66.333,67.286,73,22.06
Burkina Faso,2022-09-26,17,66.706,65.5,69.6,74,22.71
Burundi,2020-09-23,7,62.714,62.714,,,23.0
Burundi,2021-09-23,9,62.889,63.286,61.5,,23.22
Cameroon,2014-09-18,26,74.385,74.214,74.583,73,27.27
Cameroon,2015-09-21,26,75.423,74.571,76.417,78,27.65
Cameroon,2016-09-20,26,75.885,74.929,77.0,80,28.35
Cameroon,2017-09-18,26,75.077,75.083,75.071,80,27.69
Cameroon,2018-08-21,26,75.115,75.154,75.077,78,27.77
Cameroon,2019-09-19,26,75.115,74.692,75.538,82,27.54
Cameroon,2020-09-23,26,74.769,74.2,75.545,84,26.81
Cameroon,2021-09-23,26,74.269,74.389,74.0,,27.31
Cameroon,2022-09-26,26,74.462,74.0,75.5,82,26.96
Canada,2014-09-18,26,64.885,66.133,63.182,64,26.77
Canada,2015-09-21,26,66.0,66.667,65.091,63,27.15
Canada,2016-09-20,26,67.731,68.929,66.333,65,26.77
Canada,2017-09-18,26,68.038,68.812,66.8,68,27.27
Canada,2018-08-21,26,68.731,70.0,66.7,71,26.96
Canada,2019-09-19,26,69.385,70.438,67.7,74,27.54
Canada,2020-09-23,26,69.808,70.188,69.2,75,26.54
Canada,2021-09-23,26,71.231,71.6,70.727,76,26.81
Canada,2022-09-26,26,71.808,71.733,71.909,77,27.5
Cape Verde,2014-09-18,26,64.577,64.882,64.0,59,23.69
Cape Verde,2015-09-21,20,67.95,68.571,66.5,61,25.1
Cape Verde,2016-09-20,23,68.652,69.25,67.286,63,25.57
Cape Verde,2017-09-18,22,69.273,68.933,70.0,63,25.59
Cape Verde,2018-08-21,21,70.429,70.375,70.6,,26.57
Cape Verde,2019-09-19,20,70.5,70.533,70.4,,27.35
Cape Verde,2020-09-23,23,68.87,69.733,67.25,,27.35
Cape Verde,2021-09-23,21,68.619,69.2,67.167,62,27.38
Cape Verde,2022-09-26,26,68.385,68.409,68.25,,27.69
Central African Republic,2014-09-18,7,61.0,61.4,60.0,57,24.71
Central African Republic,2015-09-21,6,64.333,65.2,60.0,60,25.67
Central African Republic,2016-09-20,7,65.0,65.4,64.0,60,26.57
Chile,2014-09-18,26,75.654,75.81,75.0,83,29.04
Chile,2015-09-21,26,77.115,77.238,76.6,83,29.31
Chile,2016-09-20,26,77.885,78.0,77.4,85,29.42
Chile,2017-09-18,26,78.385,79.467,76.909,82,28.92
Chile,2018-08-21,26,76.923,77.579,75.143,79,31.08
Chile,2019-09-19,26,76.885,77.211,76.0,78,30.04
Chile,2020-09-23,26,75.962,76.222,75.375,77,30.88
Chile,2021-09-23,26,75.038,75.125,74.9,79,30.35
Chile,2022-09-26,26,74.385,73.857,75.0,78,31.04
China,2015-09-21,23,68.391,68.5,68.222,75,26.87
China,2016-09-20,26,68.038,68.412,67.333,73,26.69
China,2017-09-18,26,68.038,70.364,66.333,74,27.35
China,2018-08-21,26,70.577,71.0,70.154,72,29.04
China,2019-09-19,26,70.385,70.714,70.0,75,29.96
China,2020-09-23,26,71.769,73.214,70.083,73,30.58
China,2021-09-23,26,71.077,72.833,69.571,73,31.0
China,2022-09-26,26,69.038,68.556,69.294,73,31.46
Colombia,2014-09-18,26,77.192,77.944,75.5,77,26.04
Colombia,2015-09-21,26,78.192,78.889,76.625,78,25.73
Colombia,2016-09-20,26,78.346,78.45,78.0,79,27.04
Colombia,2017-09-18,26,78.385,78.526,78.0,79,27.77
Colombia,2018-08-21,26,79.077,79.235,78.778,78,27.96
Colombia,2019-09-19,26,78.692,78.556,79.0,80,28.42
Colombia,2020-09-23,26,78.423,78.235,78.778,79,28.58
Colombia,2021-09-23,26,78.308,78.312,78.3,79,29.12
Colombia,2022-09-26,26,77.731,77.526,78.286,80,29.62
Comoros,2016-09-20,8,66.0,64.2,69.0,72,26.0
Comoros,2017-09-18,9,68.333,67.833,69.333,70,27.11
Comoros,2018-08-21,7,66.857,67.0,66.5,,26.14
Comoros,2019-09-19,9,65.222,66.4,63.75,,25.56
Comoros,2020-09-23,12,65.75,66.333,65.167,70,25.67
Comoros,2021-09-23,8,66.125,66.6,65.333,,26.12
Comoros,2022-09-26,11,64.818,66.0,63.833,59,26.0
Congo,2014-09-18,13,66.077,66.857,65.167,66,24.85
Congo,2015-09-21,17,66.235,66.091,66.5,65,24.53
Congo,2016-09-20,22,65.5,64.0,68.125,66,25.55
Congo,2017-09-18,22,65.091,63.8,67.857,65,24.68
Congo,2018-08-21,22,64.409,64.267,64.714,65,24.27
Congo,2019-09-19,18,65.444,65.583,65.167,73,24.67
Congo,2020-09-23,16,66.0,66.0,66.0,75,25.56
Congo,2021-09-23,16,65.688,64.929,71.0,73,24.62
Congo,2022-09-26,18,65.944,65.154,68.0,74,25.39
Costa Rica,2014-09-18,26,68.115,67.571,68.75,79,26.08
Costa Rica,2015-09-21,26,69.269,67.714,71.083,79,26.46
Costa Rica,2016-09-20,26,70.731,69.462,72.0,85,26.42
Costa Rica,2017-09-18,26,71.038,70.077,72.0,85,26.88
Costa Rica,2018-08-21,26,70.077,68.667,71.286,87,27.08
Costa Rica,2019-09-19,26,69.462,68.077,70.846,87,26.88
Costa Rica,2020-09-23,26,68.308,66.538,70.077,87,27.92
Costa Rica,2021-09-23,23,68.652,67.0,71.222,88,28.04
Costa Rica,2022-09-26,22,67.773,66.333,69.5,88,27.09
Croatia,2014-09-18,26,75.615,75.474,76.0,76,26.65
Croatia,2015-09-21,26,76.577,76.529,76.667,81,26.77
Croatia,2016-09-20,26,78.577,78.263,79.429,83,26.85
Croatia,2017-09-18,26,79.269,79.471,78.889,85,26.35
Croatia,2018-08-21,26,79.885,80.056,79.5,83,26.38
Croatia,2019-09-19,26,79.538,80.25,78.4,80,26.96
Croatia,2020-09-23,26,78.5,79.118,77.333,80,27.5
Croatia,2021-09-23,26,78.615,78.895,77.857,82,27.77
Croatia,2022-09-26,26,79.077,79.474,78.0,80,27.88
Cuba,2020-09-23,5,65.0,67.5,63.333,65,26.6
Cuba,2022-09-26,5,64.4,67.667,59.5,65,28.4
Curacao,2014-09-18,5,63.2,63.333,63.0,,22.2
Curacao,2015-09-21,11,65.545,63.833,67.6,73,24.36
Curacao,2016-09-20,13,68.615,67.875,69.8,75,23.15
Curacao,2017-09-18,11,67.727,67.286,68.5,74,25.0
Curacao,2018-08-21,12,67.5,67.857,67.0,74,25.83
Curacao,2019-09-19,16,66.0,66.556,65.286,74,25.94
Curacao,2020-09-23,13,65.308,65.222,65.5,75,24.54
Curacao,2021-09-23,11,67.545,67.125,68.667,74,27.73
Curacao,2022-09-26,12,66.833,66.75,67.0,73,27.42
Cyprus,2016-09-20,5,64.8,64.0,65.333,,23.0
Cyprus,2017-09-18,11,62.455,62.0,62.833,,22.0
Cyprus,2018-08-21,8,64.0,60.667,66.0,,24.0
Cyprus,2019-09-19,11,61.727,57.5,64.143,,23.64
Cyprus,2020-09-23,7,62.857,60.0,66.667,,23.86
Cyprus,2021-09-23,19,61.526,60.583,63.143,64,22.63
Cyprus,2022-09-26,20,64.45,63.6,65.3,65,24.35
Czech Republic,2014-09-18,26,73.846,73.235,75.0,85,27.15
Czech Republic,2015-09-21,26,74.385,73.692,75.077,85,28.31
Czech Republic,2016-09-20,26,75.577,75.0,76.25,88,28.08
Czech Republic,2017-09-18,26,75.269,75.077,75.462,86,27.85
Czech Republic,2018-08-21,26,75.846,75.071,76.75,82,28.38
Czech Republic,2019-09-19,26,76.038,75.214,77.0,84,27.31
Czech Republic,2020-09-23,26,76.269,75.9,76.5,82,28.42
Czech Republic,2021-09-23,26,76.692,76.312,77.3,81,27.69
Czech Republic,2022-09-26,26,76.654,76.611,76.75,80,27.42
DR Congo,2014-09-18,26,69.115,69.111,69.125,68,26.12
DR Congo,2015-09-21,26,71.346,71.5,71.1,68,25.38
DR Congo,2016-09-20,26,72.385,72.778,71.5,69,26.0
DR Congo,2017-09-18,26,72.885,73.0,72.625,,25.54
DR Congo,2018-08-21,26,73.115,72.737,74.143,,25.88
DR Congo,2019-09-19,26,72.769,72.588,73.111,,26.92
DR Congo,2020-09-23,26,72.423,72.0,73.375,,27.04
DR Congo,2021-09-23,26,72.692,72.471,73.111,,27.58
DR Congo,2022-09-26,26,71.923,71.824,72.111,,26.92
Denmark,2014-09-18,26,74.308,74.615,74.0,77,26.58
Denmark,2015-09-21,26,75.885,75.923,75.846,76,26.65
Denmark,2016-09-20,26,76.731,76.75,76.714,81,26.42
Denmark,2017-09-18,26,77.192,76.882,77.778,83,25.42
Denmark,2018-08-21,26,77.385,77.188,77.7,84,26.62
Denmark,2019-09-19,26,77.731,77.471,78.222,83,26.23
Denmark,2020-09-23,26,77.269,77.214,77.333,84,27.54
Denmark,2021-09-23,26,77.5,77.308,77.692,85,27.88
Denmark,2022-09-26,26,77.577,77.4,77.818,83,27.96
Ecuador,2014-09-18,26,70.077,70.524,68.2,72,27.08
Ecuador,2015-09-21,26,71.846,73.059,69.556,72,26.31
Ecuador,2016-09-20,26,72.654,73.533,71.455,74,27.27
Ecuador,2017-09-18,26,72.885,72.941,72.778,73,28.15
Ecuador,2018-08-21,26,72.385,71.95,73.833,74,27.69
Ecuador,2019-09-19,26,73.846,73.944,73.625,74,30.46
Ecuador,2020-09-23,26,74.154,73.941,74.556,74,30.96
Ecuador,2021-09-23,26,72.538,72.833,71.875,71,28.04
Ecuador,2022-09-26,26,72.115,71.947,72.571,72,26.62
Egypt,2014-09-18,26,68.346,69.533,66.727,70,27.62
Egypt,2015-09-21,26,68.692,69.733,67.273,72,25.12
Egypt,2016-09-20,26,69.808,70.625,68.5,73,26.69
Egypt,2017-09-18,26,70.923,72.154,69.692,73,27.12
Egypt,2018-08-21,26,71.923,73.429,70.167,73,27.46
Egypt,2019-09-19,26,71.154,72.571,69.5,73,27.73
Egypt,2020-09-23,26,71.885,73.538,70.231,73,27.65
Egypt,2021-09-23,12,72.25,72.1,73.0,,25.58
Egypt,2022-09-26,13,71.385,71.0,76.0,,26.31
El Salvador,2018-08-21,5,66.2,67.0,63.0,,26.2
El Salvador,2022-09-26,6,63.167,62.0,64.333,61,24.67
England,2014-09-18,26,80.192,80.357,80.0,82,28.81
England,2015-09-21,26,81.038,80.8,81.364,84,28.42
England,2016-09-20,26,81.962,81.667,82.364,84,28.04
England,2017-09-18,26,81.692,81.917,81.5,82,27.96
England,2018-08-21,26,81.654,82.25,81.143,83,27.23
England,2019-09-19,26,82.0,82.769,81.231,83,26.54
England,2020-09-23,26,82.731,83.667,81.929,82,25.96
England,2021-09-23,26,83.808,84.143,83.417,83,25.85
England,2022-09-26,26,83.5,83.929,83.0,82,26.19
Equatorial Guinea,2015-09-21,6,64.333,63.333,65.333,63,24.17
Equatorial Guinea,2016-09-20,7,64.857,64.0,65.5,65,23.43
Equatorial Guinea,2017-09-18,6,67.0,65.333,68.667,67,25.5
Equatorial Guinea,2018-08-21,6,67.667,66.75,69.5,68,25.5
Equatorial Guinea,2019-09-19,6,69.0,68.75,69.5,69,25.83
Equatorial Guinea,2020-09-23,6,66.667,66.0,70.0,,23.67
Equatorial Guinea,2021-09-23,5,69.0,68.0,73.0,,25.2
Equatorial Guinea,2022-09-26,9,66.333,67.25,65.6,60,25.67
Estonia,2014-09-18,9,62.889,61.143,69.0,64,25.11
Estonia,2015-09-21,8,65.125,65.667,64.8,64,26.88
Estonia,2016-09-20,10,66.5,67.0,66.286,63,27.5
Estonia,2017-09-18,9,66.222,63.333,67.667,,27.44
Estonia,2018-08-21,13,64.692,63.0,65.444,62,27.15
Estonia,2019-09-19,6,66.333,,66.333,61,27.0
Estonia,2020-09-23,5,64.2,57.5,68.667,,26.4
Estonia,2022-09-26,10,62.8,61.571,65.667,64,24.1
Faroe Islands,2017-09-18,6,60.833,60.6,62.0,,22.5
Faroe Islands,2018-08-21,6,60.333,60.0,62.0,,24.17
Faroe Islands,2019-09-19,5,61.4,61.4,,,24.4
Faroe Islands,2020-09-23,5,64.4,64.75,63.0,,26.8
Faroe Islands,2022-09-26,5,60.4,60.5,60.333,,25.4
Finland,2014-09-18,26,68.038,68.25,67.7,73,27.04
Finland,2015-09-21,26,69.423,69.375,69.5,72,26.96
Finland,2016-09-20,26,70.5,70.533,70.455,78,27.73
Finland,2017-09-18,26,70.346,70.538,70.154,81,27.35
Finland,2018-08-21,26,70.192,70.214,70.167,84,27.69
Finland,2019-09-19,26,70.577,70.692,70.462,83,28.12
Finland,2020-09-23,26,70.0,69.533,70.636,83,28.08
Finland,2021-09-23,26,69.731,70.385,69.077,83,28.81
Finland,2022-09-26,26,69.808,70.231,69.385,83,29.15
France,2014-09-18,26,81.731,82.5,81.071,85,27.27
France,2015-09-21,26,82.731,82.933,82.455,85,27.62
France,2016-09-20,26,84.192,84.533,83.727,88,28.73
France,2017-09-18,26,84.154,84.235,84.0,88,27.15
France,2018-08-21,26,84.577,84.765,84.222,88,26.85
France,2019-09-19,26,85.0,84.889,85.25,88,26.15
France,2020-09-23,26,84.346,84.6,84.0,87,27.62
France,2021-09-23,26,84.308,84.929,83.583,87,27.0
France,2022-09-26,26,84.5,84.812,84.0,87,27.92
Gabon,2014-09-18,12,67.75,69.667,65.833,68,23.58
Gabon,2015-09-21,15,69.733,71.625,67.571,67,23.6
Gabon,2016-09-20,14,71.5,73.286,69.714,72,24.5
Gabon,2017-09-18,12,70.5,71.5,68.5,66,25.5
Gabon,2018-08-21,16,69.375,70.727,66.4,65,25.94
Gabon,2019-09-19,16,70.688,71.167,69.25,,26.12
Gabon,2020-09-23,16,69.812,70.909,67.4,,26.25
Gabon,2021-09-23,12,71.167,75.167,67.167,,28.33
Gabon,2022-09-26,15,69.2,71.4,64.8,,26.93
Gambia,2014-09-18,12,61.417,60.875,62.5,,23.92
Gambia,2015-09-21,12,65.167,64.375,66.75,,24.17
Gambia,2016-09-20,18,63.889,62.667,66.333,,23.33
Gambia,2017-09-18,16,65.688,64.846,69.333,,23.62
Gambia,2018-08-21,15,66.333,65.5,68.0,61,23.0
Gambia,2019-09-19,22,65.318,65.0,66.167,,23.64
Gambia,2020-09-23,24,64.917,65.625,63.5,,23.38
Gambia,2021-09-23,26,66.269,66.158,66.571,,24.0
Gambia,2022-09-26,26,67.846,67.789,68.0,,25.04
Georgia,2014-09-18,16,64.625,65.083,63.25,,22.06
Georgia,2015-09-21,21,65.81,65.0,67.429,72,23.1
Georgia,2016-09-20,23,67.565,66.438,70.143,73,23.96
Georgia,2017-09-18,26,68.269,67.625,69.3,73,24.88
Georgia,2018-08-21,26,67.962,66.8,71.833,71,24.04
Georgia,2019-09-19,25,69.04,68.889,69.429,71,24.96
Georgia,2020-09-23,22,67.909,68.0,67.714,76,25.36
Georgia,2021-09-23,25,67.28,66.529,68.875,75,25.6
Georgia,2022-09-26,26,68.654,68.053,70.286,78,25.5
Germany,2014-09-18,26,83.538,83.353,83.889,90,26.46
Germany,2015-09-21,26,83.731,83.562,84.0,90,26.65
Germany,2016-09-20,26,84.923,84.692,85.154,92,26.85
Germany,2017-09-18,26,84.5,84.231,84.769,92,27.04
Germany,2018-08-21,26,84.615,84.385,84.846,90,26.42
Germany,2019-09-19,26,84.615,84.4,84.909,90,26.81
Germany,2020-09-23,26,84.346,84.4,84.273,90,27.65
Germany,2021-09-23,26,84.5,84.6,84.364,90,28.35
Germany,2022-09-26,26,84.462,84.333,84.636,90,28.27
Ghana,2014-09-18,26,72.231,72.545,70.5,,24.88
Ghana,2015-09-21,26,74.0,74.048,73.8,70,24.42
Ghana,2016-09-20,26,74.846,74.739,75.667,,24.46
Ghana,2017-09-18,26,74.808,74.727,75.25,,25.42
Ghana,2018-08-21,26,75.269,75.667,74.375,,26.19
Ghana,2019-09-19,26,74.885,75.158,74.143,,26.81
Ghana,2020-09-23,26,74.538,74.842,73.714,,26.88
Ghana,2021-09-23,26,74.346,74.412,74.222,74,26.96
Ghana,2022-09-26,26,75.192,75.412,74.778,74,27.54
Greece,2014-09-18,26,73.5,73.7,73.375,74,27.31
Greece,2015-09-21,26,75.962,75.417,76.429,78,27.27
Greece,2016-09-20,26,76.615,75.769,77.462,82,27.58
Greece,2017-09-18,26,76.0,74.786,77.417,82,26.46
Greece,2018-08-21,26,75.577,74.923,76.231,79,27.12
Greece,2019-09-19,26,76.038,74.909,76.867,80,27.81
Greece,2020-09-23,26,75.115,74.4,75.562,81,27.92
Greece,2021-09-23,26,74.923,75.455,74.533,81,27.35
Greece,2022-09-26,26,73.962,74.0,73.929,81,27.73
Grenada,2021-09-23,6,63.0,62.0,65.0,,25.67
Grenada,2022-09-26,5,66.4,68.333,63.5,,27.4
Guinea,2014-09-18,26,64.538,66.667,59.75,58,23.31
Guinea,2015-09-21,26,67.962,68.45,66.333,,24.12
Guinea,2016-09-20,26,68.962,69.227,67.5,,23.96
Guinea,2017-09-18,25,68.76,69.333,65.75,,24.64
Guinea,2018-08-21,26,68.846,69.381,66.6,,25.12
Guinea,2019-09-19,26,70.538,70.579,70.429,,26.04
Guinea,2020-09-23,26,68.346,69.214,67.333,66,26.73
Guinea,2021-09-23,26,68.769,69.2,68.182,69,26.12
Guinea,2022-09-26,26,69.231,69.312,69.1,,25.38
Guinea-Bissau,2014-09-18,10,64.7,64.7,,,23.5
Guinea-Bissau,2015-09-21,9,66.444,68.0,54.0,,24.0
Guinea-Bissau,2016-09-20,18,66.056,66.438,63.0,,23.28
Guinea-Bissau,2017-09-18,16,65.875,66.0,65.0,,23.56
Guinea-Bissau,2018-08-21,16,67.25,67.75,65.75,,23.5
Guinea-Bissau,2019-09-19,21,67.381,67.857,66.429,,24.38
Guinea-Bissau,2020-09-23,15,65.533,65.154,68.0,,24.07
Guinea-Bissau,2021-09-23,22,66.0,66.25,65.333,,24.82
Guinea-Bissau,2022-09-26,21,66.762,66.875,66.4,64,25.9
Guyana,2017-09-18,5,61.6,64.0,60.0,,28.0
Guyana,2020-09-23,10,59.6,61.8,57.4,51,23.7
Guyana,2021-09-23,7,57.714,58.0,57.333,51,22.14
Guyana,2022-09-26,5,59.4,58.0,61.5,,22.0
Haiti,2014-09-18,7,66.286,66.0,66.667,72,26.86
Haiti,2015-09-21,10,64.6,63.333,66.5,75,24.7
Haiti,2016-09-20,10,65.0,63.833,66.75,,24.0
Haiti,2017-09-18,14,63.286,61.111,67.2,66,24.57
Haiti,2018-08-21,11,63.727,62.0,68.333,,24.0
Haiti,2019-09-19,8,63.125,62.833,64.0,,23.62
Haiti,2020-09-23,10,63.4,63.5,63.0,,25.2
Haiti,2021-09-23,10,64.1,64.167,64.0,66,25.1
Haiti,2022-09-26,10,63.8,63.667,64.0,65,24.5
Honduras,2014-09-18,18,67.0,66.417,68.167,,27.22
Honduras,2015-09-21,13,67.923,67.111,69.75,,25.77
Honduras,2016-09-20,16,66.0,64.1,69.167,,25.31
Honduras,2017-09-18,13,69.846,69.625,70.2,,27.38
Honduras,2018-08-21,16,68.688,70.778,66.0,61,26.81
Honduras,2019-09-19,14,68.571,69.3,66.75,,26.07
Honduras,2020-09-23,16,68.25,68.727,67.2,,27.44
Honduras,2021-09-23,11,68.091,68.375,67.333,,28.36
Honduras,2022-09-26,10,69.4,69.333,70.0,,27.2
Hungary,2014-09-18,26,69.038,69.833,68.357,71,27.54
Hungary,2015-09-21,26,69.962,70.4,69.364,73,27.69
Hungary,2016-09-20,26,72.192,72.867,71.273,73,27.54
Hungary,2017-09-18,26,71.423,71.667,71.091,76,27.62
Hungary,2018-08-21,26,70.615,71.0,70.167,79,27.31
Hungary,2019-09-19,26,72.269,72.0,72.7,85,26.96
Hungary,2020-09-23,26,70.423,69.533,71.636,85,27.77
Hungary,2021-09-23,26,71.462,70.429,72.667,85,27.58
Hungary,2022-09-26,26,71.615,71.308,71.923,85,27.5
Iceland,2014-09-18,26,67.885,68.579,66.0,,26.31
Iceland,2015-09-21,26,69.077,69.647,68.0,65,26.77
Iceland,2016-09-20,26,70.923,71.765,69.333,,26.85
Iceland,2017-09-18,26,70.615,71.412,69.111,67,27.69
Iceland,2018-08-21,26,71.654,72.467,70.545,69,28.46
Iceland,2019-09-19,26,71.654,72.118,70.778,70,28.42
Iceland,2020-09-23,26,70.5,71.0,69.818,70,29.12
Iceland,2021-09-23,26,70.269,70.5,69.9,70,28.88
Iceland,2022-09-26,26,69.0,68.562,69.7,70,27.38
India,2014-09-18,24,56.542,56.833,56.25,64,25.38
India,2015-09-21,23,57.304,57.231,57.4,65,25.3
India,2016-09-20,23,58.304,58.636,58.0,65,24.96
India,2017-09-18,23,58.739,59.385,57.9,64,26.04
India,2018-08-21,23,59.739,60.0,59.455,63,24.91
India,2019-09-19,23,60.0,59.769,60.3,64,31.35
India,2020-09-23,23,59.696,59.308,60.2,64,32.35
India,2021-09-23,26,60.692,61.0,60.467,64,27.54
India,2022-09-26,26,60.577,60.583,60.571,63,27.81
Iran,2014-09-18,6,66.167,67.0,65.333,68,25.83
Iran,2015-09-21,7,67.286,67.25,67.333,68,25.0
Iran,2016-09-20,11,67.182,66.625,68.667,71,24.82
Iran,2017-09-18,16,68.438,69.222,67.429,71,24.88
Iran,2018-08-21,18,68.833,71.0,67.1,72,25.78
Iran,2019-09-19,15,69.0,69.778,67.833,72,24.67
Iran,2020-09-23,15,70.333,69.889,71.0,73,26.4
Iran,2021-09-23,21,69.429,69.727,69.1,73,27.57
Iran,2022-09-26,16,70.125,71.222,68.714,72,27.56
Iraq,2014-09-18,5,65.0,63.25,72.0,,23.6
Iraq,2015-09-21,12,64.583,63.667,67.333,,23.67
Iraq,2016-09-20,10,66.5,67.25,63.5,,23.7
Iraq,2017-09-18,9,67.556,68.8,66.0,,26.0
Iraq,2018-08-21,7,66.571,65.25,68.333,,25.14
Iraq,2019-09-19,6,68.833,68.5,69.5,,27.17
Iraq,2022-09-26,9,63.0,62.833,63.333,,24.0
Israel,2014-09-18,20,66.3,66.812,64.25,,24.85
Israel,2015-09-21,18,68.722,68.867,68.0,64,25.06
Israel,2016-09-20,16,70.375,70.462,70.0,,25.75
Israel,2017-09-18,12,71.167,72.0,67.0,65,26.83
Israel,2018-08-21,15,71.333,72.909,67.0,65,28.13
Israel,2019-09-19,16,71.125,72.273,68.6,70,28.25
Israel,2020-09-23,19,68.947,69.571,67.2,68,26.32
Israel,2021-09-23,22,68.182,69.438,64.833,70,25.73
Israel,2022-09-26,20,67.5,67.765,66.0,70,25.5
Italy,2014-09-18,26,80.923,80.889,81.0,84,28.92
Italy,2015-09-21,26,81.731,81.353,82.444,84,28.96
Italy,2016-09-20,26,83.077,82.538,83.615,88,28.96
Italy,2017-09-18,26,83.308,82.733,84.091,89,28.46
Italy,2018-08-21,26,83.577,83.462,83.692,88,28.65
Italy,2019-09-19,26,83.192,83.0,83.417,85,29.31
Italy,2020-09-23,26,82.154,81.571,82.833,85,29.23
Italy,2021-09-23,26,82.885,83.545,82.4,89,29.08
Italy,2022-09-26,26,82.962,83.5,82.333,88,28.69
Ivory Coast,2014-09-18,26,75.846,77.0,73.667,,28.38
Ivory Coast,2015-09-21,26,76.692,77.235,75.667,,28.27
Ivory Coast,2016-09-20,26,77.5,77.5,77.5,,28.04
Ivory Coast,2017-09-18,26,77.115,77.056,77.25,,26.27
Ivory Coast,2018-08-21,26,76.769,76.65,77.167,,27.19
Ivory Coast,2019-09-19,26,77.192,77.444,76.625,,26.65
Ivory Coast,2020-09-23,26,76.231,76.1,76.667,,26.77
Ivory Coast,2021-09-23,26,76.615,76.889,76.0,,27.15
Ivory Coast,2022-09-26,26,76.885,77.875,75.3,,27.31
Jamaica,2014-09-18,26,66.231,66.25,66.2,68,28.96
Jamaica,2015-09-21,26,68.346,67.923,68.769,67,28.38
Jamaica,2016-09-20,26,69.346,68.643,70.167,72,28.12
Jamaica,2017-09-18,26,68.538,68.385,68.692,73,28.69
Jamaica,2018-08-21,26,68.0,66.8,69.636,75,28.65
Jamaica,2019-09-19,26,67.731,65.882,71.222,76,28.38
Jamaica,2020-09-23,24,66.875,65.5,71.0,75,28.0
Jamaica,2021-09-23,26,70.154,70.867,69.182,76,28.23
Jamaica,2022-09-26,26,70.115,70.375,69.7,77,28.31
Japan,2014-09-18,26,72.038,72.1,71.833,74,25.73
Japan,2015-09-21,26,72.385,72.227,73.25,,25.73
Japan,2016-09-20,26,74.923,75.444,73.75,,29.08
Japan,2017-09-18,26,74.808,75.211,73.714,,28.23
Japan,2018-08-21,26,75.231,75.333,74.8,,28.46
Japan,2019-09-19,26,74.923,74.882,75.0,73,28.81
Japan,2020-09-23,26,74.269,74.316,74.143,72,28.65
Japan,2021-09-23,26,74.538,74.842,73.714,73,28.5
Japan,2022-09-26,26,74.615,74.789,74.143,72,27.23
Jordan,2014-09-18,11,59.909,61.5,58.0,,25.73
Kazakhstan,2020-09-23,6,68.333,68.5,68.0,,26.0
Kenya,2014-09-18,6,65.0,66.75,61.5,62,25.5
Kenya,2016-09-20,6,68.0,68.5,67.0,67,26.67
Kenya,2017-09-18,7,67.143,70.5,62.667,67,26.57
Kenya,2018-08-21,10,65.2,66.0,63.333,,24.8
Kenya,2019-09-19,7,65.286,65.333,65.0,,25.57
Kenya,2020-09-23,10,64.5,65.167,63.5,,24.6
Kenya,2021-09-23,8,65.5,65.0,66.333,,25.5
Kenya,2022-09-26,11,62.273,58.667,66.6,,23.0
Kosovo,2014-09-18,7,64.571,65.333,60.0,,25.71
Kosovo,2015-09-21,20,63.4,63.438,63.25,71,24.1
Kosovo,2016-09-20,26,67.5,67.524,67.4,72,24.54
Kosovo,2017-09-18,26,68.385,68.545,67.5,72,24.73
Kosovo,2018-08-21,26,68.385,68.045,70.25,72,24.42
Kosovo,2019-09-19,26,69.731,69.85,69.333,67,24.35
Kosovo,2020-09-23,26,70.192,70.0,70.714,69,25.69
Kosovo,2021-09-23,26,70.115,70.053,70.286,68,25.31
Kosovo,2022-09-26,26,70.731,70.812,70.6,72,26.46
Latvia,2014-09-18,11,62.273,62.0,63.0,68,26.45
Latvia,2015-09-21,11,63.909,65.5,62.0,66,26.0
Latvia,2016-09-20,10,65.3,66.333,63.75,66,25.9
Latvia,2017-09-18,7,67.429,69.333,66.0,71,28.14
Latvia,2018-08-21,6,61.833,63.0,61.6,69,28.0
Latvia,2019-09-19,6,61.667,57.5,63.75,70,26.83
Latvia,2020-09-23,7,61.714,60.0,64.0,70,24.0
Latvia,2021-09-23,7,60.714,60.0,61.667,65,24.29
Latvia,2022-09-26,5,62.2,61.75,64.0,,22.6
Lebanon,2017-09-18,5,62.6,63.0,61.0,61,22.8
Liberia,2014-09-18,5,67.0,67.0,,,24.6
Liberia,2021-09-23,5,65.0,62.5,75.0,,22.4
Liberia,2022-09-26,6,64.0,61.8,75.0,,22.67
Libya,2015-09-21,5,61.8,62.75,58.0,,22.0
Liechtenstein,2014-09-18,8,56.5,56.25,56.75,63,25.38
Liechtenstein,2015-09-21,6,59.167,59.667,58.667,62,27.67
Liechtenstein,2016-09-20,7,61.429,63.5,58.667,64,26.43
Liechtenstein,2020-09-23,5,59.0,58.0,59.667,63,23.4
Lithuania,2014-09-18,16,62.125,60.0,64.25,75,25.5
Lithuania,2015-09-21,11,66.273,63.333,67.375,74,24.82
Lithuania,2016-09-20,11,63.909,63.4,64.333,71,23.18
Lithuania,2017-09-18,11,63.0,64.833,60.8,63,23.64
Lithuania,2018-08-21,11,61.273,60.667,62.0,63,23.45
Lithuania,2019-09-19,10,63.4,61.833,65.75,73,25.5
Lithuania,2020-09-23,9,62.889,63.0,62.8,74,26.44
Lithuania,2021-09-23,9,63.556,63.75,63.4,71,26.44
Lithuania,2022-09-26,10,63.3,64.0,63.125,70,25.8
Luxembourg,2014-09-18,5,60.2,57.5,62.0,,23.2
Luxembourg,2015-09-21,7,63.714,62.0,65.0,65,25.29
Luxembourg,2016-09-20,7,65.143,61.333,68.0,66,24.71
Luxembourg,2017-09-18,8,65.75,64.0,67.5,67,23.12
Luxembourg,2018-08-21,9,63.333,61.6,65.5,,23.0
Luxembourg,2019-09-19,9,65.667,65.4,66.0,,23.89
Luxembourg,2020-09-23,11,66.818,66.333,67.4,,24.55
Luxembourg,2021-09-23,15,65.867,65.429,66.25,69,25.27
Luxembourg,2022-09-26,14,66.857,67.571,66.143,74,25.14
Madagascar,2018-08-21,9,65.444,65.167,66.0,,26.78
Madagascar,2019-09-19,8,70.25,69.5,71.0,,28.75
Madagascar,2020-09-23,9,69.222,67.6,71.25,,30.44
Madagascar,2021-09-23,8,69.0,67.5,70.5,,29.25
Madagascar,2022-09-26,7,67.857,68.6,66.0,,26.71
Mali,2014-09-18,26,70.385,71.0,69.0,70,27.35
Mali,2015-09-21,26,71.269,71.556,70.625,72,25.92
Mali,2016-09-20,26,71.385,71.263,71.714,72,25.81
Mali,2017-09-18,26,71.115,70.842,71.857,74,25.0
Mali,2018-08-21,26,71.385,71.389,71.375,69,25.23
Mali,2019-09-19,26,72.846,72.722,73.125,71,25.5
Mali,2020-09-23,26,73.038,72.938,73.2,74,25.96
Mali,2021-09-23,26,72.808,73.176,72.111,,26.04
Mali,2022-09-26,26,73.269,74.0,72.1,,26.38
Mauritania,2019-09-19,6,64.167,66.0,63.25,,23.83
Mauritania,2020-09-23,7,63.286,61.667,64.5,,23.43
Mauritania,2022-09-26,6,63.667,63.6,64.0,,23.0
Mexico,2014-09-18,26,74.962,75.643,74.167,80,26.46
Mexico,2015-09-21,26,76.0,77.273,75.067,80,27.85
Mexico,2016-09-20,26,77.692,78.133,77.091,80,28.04
Mexico,2017-09-18,26,77.808,78.111,77.125,79,28.0
Mexico,2018-08-21,26,77.462,78.25,76.2,77,28.73
Mexico,2019-09-19,26,77.5,78.4,76.273,78,29.08
Mexico,2020-09-23,26,77.462,78.467,76.091,79,30.0
Mexico,2021-09-23,26,77.808,78.5,76.7,80,29.92
Mexico,2022-09-26,26,77.308,77.765,76.444,80,28.62
Moldova,2014-09-18,7,64.571,64.0,65.333,62,27.29
Moldova,2015-09-21,5,70.4,71.0,70.0,63,27.6
Moldova,2017-09-18,6,69.667,70.333,69.0,,26.5
Moldova,2018-08-21,5,65.6,63.0,69.5,65,23.6
Moldova,2019-09-19,12,65.0,63.6,66.0,70,26.33
Moldova,2020-09-23,12,64.667,64.0,65.333,69,26.67
Moldova,2021-09-23,8,67.25,67.25,67.25,65,28.88
Moldova,2022-09-26,12,63.0,64.167,61.833,63,26.75
Montenegro,2014-09-18,19,65.421,64.1,66.889,,24.58
Montenegro,2015-09-21,20,66.15,64.75,68.25,53,23.95
Montenegro,2016-09-20,25,68.2,68.8,67.3,55,23.8
Montenegro,2017-09-18,25,68.28,69.071,67.273,65,24.92
Montenegro,2018-08-21,21,68.81,69.667,67.667,69,25.1
Montenegro,2019-09-19,26,68.692,68.722,68.625,64,25.65
Montenegro,2020-09-23,26,69.077,69.312,68.7,65,27.04
Montenegro,2021-09-23,23,69.304,68.714,70.222,65,26.65
Montenegro,2022-09-26,26,67.846,66.133,70.182,68,27.58
Montserrat,2021-09-23,5,61.2,60.75,63.0,,26.2
Morocco,2014-09-18,26,74.115,73.773,76.0,,26.42
Morocco,2015-09-21,26,75.308,75.25,75.5,,26.88
Morocco,2016-09-20,26,76.0,75.952,76.2,,26.69
Morocco,2017-09-18,26,75.923,76.0,75.6,,27.08
Morocco,2018-08-21,26,76.5,76.25,77.333,77,27.15
Morocco,2019-09-19,26,76.846,76.8,77.0,77,27.65
Morocco,2020-09-23,26,76.692,76.75,76.5,76,28.19
Morocco,2021-09-23,26,77.462,76.588,79.111,82,28.42
Morocco,2022-09-26,26,76.923,76.125,78.2,84,28.35
Mozambique,2014-09-18,5,70.8,70.0,72.0,,25.2
Mozambique,2015-09-21,7,67.429,64.333,69.75,63,24.14
Mozambique,2020-09-23,5,72.2,,72.2,,28.6
Mozambique,2022-09-26,8,70.25,66.333,72.6,,27.5
Netherlands,2014-09-18,26,79.269,80.188,77.8,79,27.15
Netherlands,2015-09-21,26,80.231,80.875,79.2,82,26.62
Netherlands,2016-09-20,26,80.231,80.769,79.692,81,27.35
Netherlands,2017-09-18,26,80.231,80.667,79.636,81,27.73
Netherlands,2018-08-21,26,80.308,80.4,80.182,81,27.27
Netherlands,2019-09-19,26,81.385,81.118,81.889,83,26.35
Netherlands,2020-09-23,26,81.115,80.556,82.375,81,26.96
Netherlands,2021-09-23,26,81.385,80.938,82.1,81,26.54
Netherlands,2022-09-26,26,81.346,81.0,81.75,80,26.88
New Zealand,2014-09-18,26,62.615,62.8,62.364,62,24.38
New Zealand,2015-09-21,26,64.0,63.923,64.077,66,25.04
New Zealand,2016-09-20,26,63.231,62.571,64.0,68,23.5
New Zealand,2017-09-18,26,65.5,65.667,65.357,68,26.35
New Zealand,2018-08-21,26,66.462,68.0,65.333,68,26.81
New Zealand,2019-09-19,26,66.192,67.4,65.438,67,26.38
New Zealand,2020-09-23,26,66.154,66.077,66.231,71,25.73
New Zealand,2021-09-23,26,66.615,67.25,66.071,68,25.08
New Zealand,2022-09-26,26,67.038,67.667,66.5,69,25.5
Nigeria,2014-09-18,26,73.346,73.318,73.5,80,25.88
Nigeria,2015-09-21,26,73.885,73.727,74.75,81,25.73
Nigeria,2016-09-20,26,75.038,74.85,75.667,83,26.23
Nigeria,2017-09-18,26,74.538,74.043,78.333,81,24.92
Nigeria,2018-08-21,26,74.615,74.81,73.8,76,24.69
Nigeria,2019-09-19,26,75.077,75.182,74.5,,24.92
Nigeria,2020-09-23,26,75.423,76.0,73.0,,25.35
Nigeria,2021-09-23,26,75.846,76.3,74.333,74,25.81
Nigeria,2022-09-26,26,76.231,76.947,74.286,73,25.81
North Korea,2017-09-18,6,62.5,62.5,,,25.5
North Macedonia,2014-09-18,25,63.52,63.538,63.5,66,25.2
North Macedonia,2015-09-21,17,65.294,66.7,63.286,63,25.29
North Macedonia,2016-09-20,17,64.941,65.7,63.857,70,25.53
North Macedonia,2017-09-18,17,66.765,66.8,66.714,71,24.71
North Macedonia,2018-08-21,19,68.158,68.231,68.0,71,25.37
North Macedonia,2019-09-19,22,68.5,68.923,67.889,72,26.09
North Macedonia,2020-09-23,26,67.808,68.25,67.1,71,26.27
North Macedonia,2021-09-23,26,67.962,67.667,68.625,75,26.27
North Macedonia,2022-09-26,26,67.962,67.375,68.9,78,26.15
Northern Ireland,2014-09-18,26,68.462,67.938,69.3,69,28.08
Northern Ireland,2015-09-21,26,69.192,68.786,69.667,68,28.46
Northern Ireland,2016-09-20,26,69.962,69.714,70.25,70,28.23
Northern Ireland,2017-09-18,26,70.038,69.8,70.364,70,29.35
Northern Ireland,2018-08-21,26,70.115,70.059,70.222,70,28.69
Northern Ireland,2019-09-19,26,70.308,70.067,70.636,69,28.65
Northern Ireland,2020-09-23,26,69.231,68.467,70.273,69,29.0
Northern Ireland,2021-09-23,26,69.269,68.75,70.1,72,28.85
Northern Ireland,2022-09-26,26,69.0,68.769,69.231,68,29.31
Norway,2014-09-18,26,71.962,72.0,71.857,72,25.54
Norway,2015-09-21,26,73.0,73.429,72.5,73,26.5
Norway,2016-09-20,26,73.769,73.867,73.636,77,26.46
Norway,2017-09-18,26,74.077,74.071,74.083,82,26.38
Norway,2018-08-21,26,74.385,74.438,74.3,82,26.5
Norway,2019-09-19,26,75.115,75.2,75.0,83,26.69
Norway,2020-09-23,26,75.269,76.2,74.0,77,27.35
Norway,2021-09-23,26,75.308,75.35,75.167,76,27.04
Norway,2022-09-26,26,75.346,75.6,74.5,72,26.19
Panama,2014-09-18,12,65.167,66.0,64.75,71,27.67
Panama,2015-09-21,9,67.556,66.833,69.0,,29.11
Panama,2016-09-20,13,66.692,66.333,67.5,,27.38
Panama,2017-09-18,16,65.688,66.111,65.143,,25.81
Panama,2018-08-21,15,68.0,67.778,68.333,,26.67
Panama,2019-09-19,12,66.0,65.125,67.75,,25.83
Panama,2020-09-23,11,67.818,66.0,71.0,76,27.18
Panama,2021-09-23,17,67.059,66.455,68.167,75,26.35
Panama,2022-09-26,13,67.538,66.857,68.333,73,26.85
Paraguay,2014-09-18,26,74.385,75.176,72.889,75,29.92
Paraguay,2015-09-21,26,73.808,73.778,73.875,75,29.04
Paraguay,2016-09-20,26,75.192,75.263,75.0,76,28.65
Paraguay,2017-09-18,26,74.731,75.167,73.75,73,27.65
Paraguay,2018-08-21,26,75.308,75.095,76.2,77,28.62
Paraguay,2019-09-19,26,74.923,75.0,74.714,,27.69
Paraguay,2020-09-23,26,74.654,74.833,74.25,,27.62
Paraguay,2021-09-23,26,74.192,74.688,73.4,72,28.42
Paraguay,2022-09-26,26,73.462,73.412,73.556,72,30.15
Peru,2014-09-18,26,69.5,70.625,67.7,69,27.42
Peru,2015-09-21,26,69.192,69.333,68.875,73,25.85
Peru,2016-09-20,26,69.346,68.929,69.833,74,24.85
Peru,2017-09-18,26,69.577,69.786,69.333,74,25.58
Peru,2018-08-21,26,72.154,73.231,71.077,73,27.04
Peru,2019-09-19,26,71.769,72.5,70.917,72,26.88
Peru,2020-09-23,26,71.885,72.462,71.308,73,29.0
Peru,2021-09-23,26,72.423,72.733,72.0,74,28.62
Peru,2022-09-26,26,73.038,73.0,73.125,75,29.38
Philippines,2015-09-21,5,63.8,59.0,65.0,63,26.6
Philippines,2021-09-23,6,66.333,70.0,64.5,72,26.67
Philippines,2022-09-26,5,67.0,71.0,64.333,69,27.6
Poland,2014-09-18,26,74.846,74.667,75.091,80,27.58
Poland,2015-09-21,26,75.808,75.786,75.833,79,28.0
Poland,2016-09-20,26,76.962,77.833,76.214,80,27.62
Poland,2017-09-18,26,76.962,77.583,76.429,82,28.54
Poland,2018-08-21,26,76.462,77.273,75.867,84,28.96
Poland,2019-09-19,26,77.115,77.385,76.846,86,28.46
Poland,2020-09-23,26,76.846,77.333,76.429,87,30.27
Poland,2021-09-23,26,76.462,76.917,76.071,87,29.42
Poland,2022-09-26,26,76.808,76.533,77.182,86,28.27
Portugal,2014-09-18,26,79.577,80.133,78.818,81,28.77
Portugal,2015-09-21,26,80.577,80.875,80.1,81,27.81
Portugal,2016-09-20,26,82.346,82.647,81.778,84,28.5
Portugal,2017-09-18,26,82.0,83.0,80.636,83,27.08
Portugal,2018-08-21,26,82.0,82.353,81.333,84,27.27
Portugal,2019-09-19,26,82.808,83.0,82.444,85,27.77
Portugal,2020-09-23,26,82.462,82.647,82.111,84,28.0
Portugal,2021-09-23,26,82.885,82.706,83.222,82,28.27
Portugal,2022-09-26,26,83.038,83.059,83.0,82,28.65
Qatar,2017-09-18,6,64.333,63.75,65.5,,21.67
Qatar,2022-09-26,23,67.826,68.167,67.455,68,27.17
Republic of Ireland,2014-09-18,26,73.808,74.133,73.364,74,28.46
Republic of Ireland,2015-09-21,26,74.615,74.562,74.7,75,28.96
Republic of Ireland,2016-09-20,26,75.423,75.562,75.2,76,29.85
Republic of Ireland,2017-09-18,26,74.731,75.0,74.417,75,29.62
Republic of Ireland,2018-08-21,26,73.885,73.692,74.077,75,28.88
Republic of Ireland,2019-09-19,26,73.846,73.308,74.385,75,29.12
Republic of Ireland,2020-09-23,26,73.923,72.923,74.923,75,28.77
Republic of Ireland,2021-09-23,26,72.885,72.5,73.214,75,28.73
Republic of Ireland,2022-09-26,26,72.192,71.444,72.588,73,28.04
Romania,2014-09-18,26,71.423,71.077,71.769,74,27.54
Romania,2015-09-21,26,72.769,72.083,73.357,76,28.0
Romania,2016-09-20,26,73.538,73.455,73.6,77,28.23
Romania,2017-09-18,26,72.962,72.846,73.077,77,27.58
Romania,2018-08-21,26,73.0,72.6,73.545,78,27.5
Romania,2019-09-19,26,73.846,73.5,74.25,79,27.58
Romania,2020-09-23,26,73.5,73.188,74.0,78,27.92
Romania,2021-09-23,26,73.269,73.0,73.7,77,28.15
Romania,2022-09-26,26,72.692,72.438,73.1,76,27.19
Russia,2014-09-18,26,76.769,76.867,76.636,83,28.85
Russia,2015-09-21,26,77.731,77.8,77.636,81,29.58
Russia,2016-09-20,26,78.231,78.538,77.923,80,29.5
Russia,2017-09-18,26,78.192,78.5,77.929,79,29.73
Russia,2018-08-21,26,77.538,77.769,77.308,80,28.65
Russia,2019-09-19,26,76.808,77.727,76.133,80,28.31
Russia,2020-09-23,26,76.615,76.6,76.636,80,27.96
Russia,2021-09-23,26,76.308,76.0,76.8,80,28.38
Russia,2022-09-26,20,70.0,72.75,68.167,77,28.25
Saint Kitts and Nevis,2021-09-23,5,62.8,64.333,60.5,,25.8
Saudi Arabia,2014-09-18,26,70.462,71.0,69.0,70,27.5
Saudi Arabia,2015-09-21,26,72.077,71.842,72.714,72,26.92
Saudi Arabia,2016-09-20,26,71.231,71.0,71.6,73,27.58
Saudi Arabia,2017-09-18,26,72.192,71.941,72.667,73,28.08
Saudi Arabia,2018-08-21,26,70.346,70.533,70.091,70,28.46
Saudi Arabia,2019-09-19,26,69.538,69.786,69.25,72,28.81
Saudi Arabia,2020-09-23,26,69.154,69.308,69.0,71,29.15
Saudi Arabia,2021-09-23,26,69.423,69.538,69.308,70,28.08
Saudi Arabia,2022-09-26,26,69.577,69.571,69.583,71,28.12
Scotland,2014-09-18,26,73.038,73.316,72.286,75,27.96
Scotland,2015-09-21,26,74.192,74.333,73.875,76,27.81
Scotland,2016-09-20,26,74.577,74.882,74.0,76,28.96
Scotland,2017-09-18,26,74.346,74.381,74.2,74,27.69
Scotland,2018-08-21,26,74.885,74.7,75.5,74,28.69
Scotland,2019-09-19,26,75.538,75.19,77.0,75,27.65
Scotland,2020-09-23,26,75.654,75.684,75.571,74,28.85
Scotland,2021-09-23,26,75.654,74.95,78.0,77,28.46
Scotland,2022-09-26,26,75.692,75.222,76.75,74,28.81
Senegal,2014-09-18,26,74.846,75.467,74.0,,26.85
Senegal,2015-09-21,26,76.0,75.938,76.1,,26.65
Senegal,2016-09-20,26,76.885,76.889,76.875,,26.73
Senegal,2017-09-18,26,77.0,76.944,77.125,,27.27
Senegal,2018-08-21,26,77.231,76.75,78.833,75,27.19
Senegal,2019-09-19,26,77.154,76.8,78.333,77,27.54
Senegal,2020-09-23,26,76.654,76.647,76.667,79,27.15
Senegal,2021-09-23,26,76.923,76.562,77.5,83,27.92
Senegal,2022-09-26,26,76.346,75.579,78.429,86,28.12
Serbia,2014-09-18,26,76.5,75.733,77.545,75,25.58
Serbia,2015-09-21,26,78.077,77.857,78.333,,26.35
Serbia,2016-09-20,26,78.154,78.385,77.923,76,27.27
Serbia,2017-09-18,26,77.962,77.933,78.0,,27.35
Serbia,2018-08-21,26,78.154,78.533,77.636,79,27.65
Serbia,2019-09-19,26,78.692,78.789,78.429,80,27.27
Serbia,2020-09-23,26,78.192,78.167,78.25,81,27.58
Serbia,2021-09-23,26,77.577,77.619,77.4,80,27.38
Serbia,2022-09-26,26,77.808,78.316,76.429,80,27.92
Sierra Leone,2014-09-18,8,61.75,61.714,62.0,,23.38
Sierra Leone,2015-09-21,14,63.857,64.556,62.6,,24.0
Sierra Leone,2016-09-20,7,64.714,66.2,61.0,,23.57
Sierra Leone,2017-09-18,9,65.556,65.571,65.5,,24.44
Sierra Leone,2018-08-21,7,64.857,64.667,66.0,,24.57
Sierra Leone,2019-09-19,10,63.0,63.375,61.5,,23.8
Sierra Leone,2020-09-23,9,66.111,67.833,62.667,,25.56
Sierra Leone,2021-09-23,10,65.9,66.857,63.667,,23.7
Sierra Leone,2022-09-26,11,67.182,66.25,69.667,,25.91
Slovakia,2014-09-18,26,69.538,69.462,69.615,72,28.73
Slovakia,2015-09-21,26,70.385,70.071,70.75,72,28.38
Slovakia,2016-09-20,26,71.962,71.929,72.0,73,27.54
Slovakia,2017-09-18,26,72.192,71.438,73.4,71,26.69
Slovakia,2018-08-21,26,73.154,72.643,73.75,77,27.46
Slovakia,2019-09-19,26,74.269,74.429,74.083,80,27.12
Slovakia,2020-09-23,26,73.769,73.692,73.846,83,27.0
Slovakia,2021-09-23,26,74.077,73.733,74.545,81,27.27
Slovakia,2022-09-26,26,73.962,73.769,74.154,80,27.96
Slovenia,2014-09-18,26,70.808,70.562,71.2,83,27.15
Slovenia,2015-09-21,26,73.038,72.188,74.4,83,28.15
Slovenia,2016-09-20,26,74.231,73.0,76.2,87,27.85
Slovenia,2017-09-18,26,74.346,73.133,76.0,88,27.54
Slovenia,2018-08-21,26,74.692,73.733,76.0,90,27.81
Slovenia,2019-09-19,26,74.462,73.933,75.182,91,28.04
Slovenia,2020-09-23,26,73.462,73.2,73.818,91,28.23
Slovenia,2021-09-23,26,73.654,72.812,75.0,91,27.65
Slovenia,2022-09-26,26,72.462,72.0,73.0,89,27.35
South Africa,2014-09-18,26,71.846,72.176,71.222,77,26.77
South Africa,2015-09-21,26,73.385,73.625,73.0,78,27.5
South Africa,2016-09-20,26,72.808,73.0,72.375,76,27.46
South Africa,2017-09-18,26,72.269,72.714,71.75,77,28.12
South Africa,2018-08-21,26,72.115,72.25,71.9,78,27.54
South Africa,2019-09-19,26,71.423,71.474,71.286,78,28.12
South Africa,2020-09-23,26,70.769,71.125,70.2,73,28.73
South Africa,2021-09-23,26,69.885,70.385,69.385,71,28.5
South Africa,2022-09-26,26,70.423,70.923,69.923,72,28.5
South Korea,2014-09-18,26,71.077,71.667,70.273,73,28.73
South Korea,2015-09-21,26,72.423,72.583,72.286,75,28.69
South Korea,2016-09-20,26,73.346,73.812,72.6,74,28.38
South Korea,2017-09-18,26,73.5,73.933,72.909,74,27.04
South Korea,2018-08-21,26,72.846,73.667,71.727,74,27.5
South Korea,2019-09-19,26,73.038,73.389,72.25,74,28.65
South Korea,2020-09-23,26,73.231,73.647,72.444,75,28.69
South Korea,2021-09-23,26,73.154,73.471,72.556,75,28.69
South Korea,2022-09-26,26,73.269,73.733,72.636,73,29.31
South Sudan,2021-09-23,5,52.8,53.75,49.0,,21.2
Spain,2014-09-18,26,83.731,83.684,83.857,84,28.0
Spain,2015-09-21,26,84.077,84.118,84.0,86,28.31
Spain,2016-09-20,26,84.846,84.688,85.1,90,28.96
Spain,2017-09-18,26,85.308,85.062,85.7,90,28.85
Spain,2018-08-21,26,85.808,85.625,86.1,91,28.77
Spain,2019-09-19,26,85.231,85.062,85.5,89,29.42
Spain,2020-09-23,26,84.615,84.5,84.75,86,28.92
Spain,2021-09-23,26,84.615,84.733,84.455,84,29.58
Spain,2022-09-26,26,84.269,84.294,84.222,87,29.62
Suriname,2015-09-21,13,65.923,66.143,65.667,68,25.15
Suriname,2016-09-20,14,66.5,67.167,66.0,69,25.21
Suriname,2021-09-23,11,70.273,70.0,70.429,69,29.18
Suriname,2022-09-26,14,68.429,70.25,67.7,68,29.0
Sweden,2014-09-18,26,74.846,75.059,74.444,74,28.38
Sweden,2015-09-21,26,75.615,75.875,75.2,73,28.54
Sweden,2016-09-20,26,76.231,76.111,76.5,,28.19
Sweden,2017-09-18,26,76.692,77.2,76.0,75,28.77
Sweden,2018-08-21,26,76.269,76.714,75.75,75,28.35
Sweden,2019-09-19,26,76.154,76.25,76.0,78,28.69
Sweden,2020-09-23,26,75.654,76.143,75.083,78,29.08
Sweden,2021-09-23,26,75.962,76.688,74.8,76,28.38
Sweden,2022-09-26,26,75.654,76.333,74.727,75,28.38
Switzerland,2014-09-18,26,75.923,76.333,75.364,80,26.12
Switzerland,2015-09-21,26,77.615,76.706,79.333,82,25.96
Switzerland,2016-09-20,26,78.192,77.176,80.111,84,26.65
Switzerland,2017-09-18,26,77.769,76.938,79.1,84,27.85
Switzerland,2018-08-21,26,77.346,76.571,78.25,82,27.58
Switzerland,2019-09-19,26,78.077,77.286,79.0,85,27.23
Switzerland,2020-09-23,26,77.692,77.545,77.8,86,27.38
Switzerland,2021-09-23,26,77.654,77.333,77.929,85,27.27
Switzerland,2022-09-26,26,77.5,76.857,78.25,85,27.46
Syria,2015-09-21,5,68.0,70.25,59.0,,27.8
Syria,2017-09-18,5,71.4,71.4,,,26.0
Syria,2018-08-21,9,68.333,69.0,63.0,,26.0
Tanzania,2022-09-26,5,60.6,61.25,58.0,,22.2
Thailand,2018-08-21,5,62.4,62.0,64.0,,25.0
Thailand,2021-09-23,6,63.0,62.667,63.333,66,24.83
Togo,2014-09-18,9,71.444,70.75,77.0,77,27.0
Togo,2015-09-21,13,64.692,65.0,64.0,76,25.62
Togo,2016-09-20,10,70.8,71.0,70.0,,27.0
Togo,2017-09-18,9,71.778,72.0,70.0,,28.56
Togo,2018-08-21,11,69.727,69.667,70.0,,27.09
Togo,2019-09-19,13,69.385,69.778,68.5,,26.62
Togo,2020-09-23,14,68.286,69.1,66.25,58,26.36
Togo,2021-09-23,11,68.727,68.75,68.667,60,25.45
Togo,2022-09-26,17,67.235,68.222,66.125,,24.47
Trinidad and Tobago,2014-09-18,12,63.25,63.286,63.2,,27.5
Trinidad and Tobago,2015-09-21,12,65.417,65.429,65.4,,26.75
Trinidad and Tobago,2016-09-20,12,65.25,66.4,64.429,,24.17
Trinidad and Tobago,2017-09-18,9,68.222,70.0,66.0,,25.11
Trinidad and Tobago,2018-08-21,5,68.4,71.0,58.0,58,30.6
Trinidad and Tobago,2019-09-19,6,65.833,71.0,60.667,52,28.83
Trinidad and Tobago,2020-09-23,6,64.833,70.667,59.0,52,26.83
Trinidad and Tobago,2021-09-23,8,64.125,68.333,61.6,56,25.62
Trinidad and Tobago,2022-09-26,6,65.0,65.75,63.5,60,27.17
Tunisia,2014-09-18,23,66.913,66.429,67.667,,25.7
Tunisia,2015-09-21,22,68.455,68.059,69.8,,27.09
Tunisia,2016-09-20,26,70.038,69.5,71.833,,26.77
Tunisia,2017-09-18,26,69.692,69.5,70.125,,27.69
Tunisia,2018-08-21,26,70.423,70.353,70.556,71,26.81
Tunisia,2019-09-19,26,70.846,70.933,70.727,72,27.38
Tunisia,2020-09-23,26,69.038,69.222,68.625,,26.81
Tunisia,2021-09-23,26,68.038,68.056,68.0,,26.38
Tunisia,2022-09-26,26,68.731,69.353,67.556,,27.0
Turkey,2014-09-18,26,77.692,77.857,77.5,81,27.04
Turkey,2015-09-21,26,78.038,78.0,78.125,80,27.27
Turkey,2016-09-20,26,78.846,78.765,79.0,81,28.12
Turkey,2017-09-18,26,77.846,78.0,77.5,79,28.38
Turkey,2018-08-21,26,77.538,77.632,77.286,78,27.38
Turkey,2019-09-19,26,76.962,77.375,76.3,76,27.96
Turkey,2020-09-23,26,76.192,76.167,76.214,77,27.46
Turkey,2021-09-23,26,76.269,76.143,76.417,79,26.5
Turkey,2022-09-26,26,76.423,76.412,76.444,80,26.42
Uganda,2014-09-18,5,60.4,57.0,62.667,,25.0
Uganda,2015-09-21,6,61.0,59.25,64.5,,23.0
Uganda,2016-09-20,7,61.429,61.0,64.0,,22.57
Uganda,2018-08-21,6,61.167,61.6,59.0,,23.0
Uganda,2020-09-23,9,63.111,63.6,62.5,,25.0
Uganda,2021-09-23,7,64.571,64.6,64.5,,24.29
Uganda,2022-09-26,10,62.7,58.8,66.6,73,25.7
Ukraine,2014-09-18,26,69.115,69.556,68.882,76,27.0
Ukraine,2015-09-21,26,72.808,71.692,73.923,79,26.62
Ukraine,2016-09-20,26,75.115,74.571,75.75,80,27.27
Ukraine,2017-09-18,26,74.5,74.333,74.643,79,27.38
Ukraine,2018-08-21,26,76.346,76.923,75.769,78,27.58
Ukraine,2019-09-19,26,75.808,75.882,75.667,77,27.0
Ukraine,2020-09-23,26,75.577,75.938,75.0,76,27.42
Ukraine,2021-09-23,26,75.654,76.125,74.9,75,27.92
Ukraine,2022-09-26,26,75.385,76.0,74.857,76,27.65
United Arab Emirates,2019-09-19,22,62.864,62.4,63.25,71,25.14
United Arab Emirates,2020-09-23,22,64.318,64.75,63.8,71,26.68
United Arab Emirates,2021-09-23,19,63.211,62.636,64.0,70,25.42
United Arab Emirates,2022-09-26,19,63.316,63.222,63.4,71,25.68
United States,2014-09-18,26,74.538,74.0,75.556,82,28.81
United States,2015-09-21,26,75.077,75.231,74.923,80,28.38
United States,2016-09-20,26,75.346,75.0,75.818,81,29.08
United States,2017-09-18,26,75.346,75.667,74.909,78,28.42
United States,2018-08-21,26,74.923,75.333,74.571,75,29.65
United States,2019-09-19,26,74.731,75.167,74.357,76,27.54
United States,2020-09-23,26,74.654,74.917,74.429,76,27.46
United States,2021-09-23,26,74.769,75.0,74.538,77,26.58
United States,2022-09-26,26,75.269,75.5,75.0,77,25.15
Uruguay,2014-09-18,26,76.154,76.4,75.818,82,28.27
Uruguay,2015-09-21,26,77.269,76.938,77.8,82,27.35
Uruguay,2016-09-20,26,78.654,78.571,78.75,83,27.69
Uruguay,2017-09-18,26,78.692,78.0,80.0,82,27.62
Uruguay,2018-08-21,26,79.346,78.824,80.333,81,27.77
Uruguay,2019-09-19,26,81.231,81.462,81.0,81,29.31
Uruguay,2020-09-23,26,80.577,80.429,80.75,82,29.31
Uruguay,2021-09-23,26,79.308,79.667,78.818,80,29.15
Uruguay,2022-09-26,26,78.962,79.267,78.545,79,29.12
Uzbekistan,2014-09-18,6,67.0,66.75,67.5,,28.0
Uzbekistan,2017-09-18,5,68.4,65.5,80.0,,27.6
Uzbekistan,2020-09-23,7,64.286,64.4,64.0,,24.14
Uzbekistan,2021-09-23,6,68.167,69.75,65.0,,27.17
Venezuela,2014-09-18,26,72.269,71.667,73.625,72,27.88
Venezuela,2015-09-21,26,71.923,71.722,72.375,71,27.46
Venezuela,2016-09-20,26,72.231,72.529,71.667,72,25.96
Venezuela,2017-09-18,26,72.885,73.0,72.75,75,26.12
Venezuela,2018-08-21,26,73.038,73.533,72.364,73,26.5
Venezuela,2019-09-19,26,72.577,72.429,73.2,73,26.23
Venezuela,2020-09-23,26,72.038,71.944,72.25,75,26.92
Venezuela,2021-09-23,26,73.038,73.611,71.75,73,27.04
Venezuela,2022-09-26,26,70.769,70.789,70.714,75,29.12
Wales,2014-09-18,26,71.5,71.5,71.5,72,26.54
Wales,2015-09-21,26,72.692,72.917,72.5,73,26.77
Wales,2016-09-20,26,73.846,74.417,73.357,75,27.65
Wales,2017-09-18,26,73.692,74.333,73.143,74,27.65
Wales,2018-08-21,26,73.038,73.615,72.462,75,27.54
Wales,2019-09-19,26,73.115,74.077,72.154,75,26.38
Wales,2020-09-23,26,73.115,74.083,72.286,75,27.0
Wales,2021-09-23,26,72.962,74.364,71.933,74,27.35
Wales,2022-09-26,26,73.269,73.667,72.727,75,26.62
Zambia,2017-09-18,6,64.5,63.2,71.0,,22.67
Zambia,2018-08-21,9,64.889,64.0,72.0,,21.89
Zambia,2019-09-19,11,66.727,66.0,74.0,,23.45
Zambia,2020-09-23,11,67.0,66.778,68.0,,23.91
Zambia,2021-09-23,9,68.222,67.625,73.0,,25.56
Zambia,2022-09-26,11,67.636,67.875,67.0,67,25.18
Zimbabwe,2014-09-18,12,61.417,61.417,,,24.5
Zimbabwe,2015-09-21,14,63.0,63.385,58.0,,24.43
Zimbabwe,2016-09-20,8,67.25,67.25,,,25.25
Zimbabwe,2017-09-18,11,66.545,66.778,65.5,,25.55
Zimbabwe,2018-08-21,13,68.0,69.444,64.75,,26.77
Zimbabwe,2019-09-19,12,67.25,66.625,68.5,,26.0
Zimbabwe,2020-09-23,11,69.091,69.222,68.5,,27.09
Zimbabwe,2021-09-23,13,67.538,68.667,65.0,,25.62
Zimbabwe,2022-09-26,15,68.4,68.636,67.75,,26.93
